<?xml version="1.0" encoding="utf-8"?>
<citys>
   <item id="beijing">北京</item>
   <item id="shanghai">上海</item>
   <item id="wuhan">武汉</item>
   <item id="nanjing">南京</item>
   <item id="nanchang">南昌</item>
   <item id="shenzhen">深圳</item>
   <item id="changsha">长沙</item>
   <item id="guangzhou">广州</item>
   <item id="kunming">昆明</item>
   <item id="guiyang">贵阳</item>
   <item id="haerbing">哈尔滨</item>
   <item id="jilin">吉林</item>
   <item id="suzhou">苏州</item>
   <item id="hangzhou">杭州</item>
   <item id="nanyang">南阳</item>
   <item id="shijiazhuang">石家庄</item>
   <item id="jinan">济南</item>
   <item id="yinchuan">银川</item>
   <item id="huhehaote">呼和浩特</item>
   <item id="xian">西安</item>
   <item id="hefei">合肥</item>
   <item id="zhengzhou">郑州</item>
   <item id="qingdao">青岛</item>
   <item id="taibei">台北</item>
   <item id="lanzhou">兰州</item>
   <item id="taiyuan">太原</item>
   <item id="wulumuqi">乌鲁木齐</item>
   <item id="haikou">海口</item>
   <item id="shenyang">沈阳</item>
   <item id="fuzhou">福州</item>
   <item id="nanning">南宁</item>
   <item id="成都">成都</item>
   <item id="changchun">长春</item>
   <item id="lasa">拉萨</item>
   <item id="xining">西宁</item>
</citys>